"~id","~labels","createdAt","followers","name","description","id","total_view_count","url"
"225","Stream;User","2013-05-15T19:53:50.441520000Z",83423,"f1ashko","Фэмили френдли стрим с прохождением самых новых и самых старых сингл игр, а также изредка различные мультиплеерные с высоким уровнем игры.","43578182",17849946,"https://www.twitch.tv/f1ashko"
"458","Stream;User","2015-05-05T18:21:02.901304000Z",71099,"romanovalera","#СмотриВнимательно","90334727",10295391,"https://www.twitch.tv/romanovalera"
"912","Stream;User","2018-11-30T05:03:24.474685000Z",14539,"v_3del","","279423186",153199,"https://www.twitch.tv/v_3del"
"34732","Stream;User","2012-07-16T15:54:50.045057000Z",256288,"rxnexus","dota2 mm games by professional player  http://vk.com/nexusfan ","32184566",43981745,"https://www.twitch.tv/rxnexus"
"553766","Stream;User","2015-07-10T21:41:24.044445000Z",90330,"gn_gg","","95793204",13517734,"https://www.twitch.tv/gn_gg"
"554677","Stream;User","2012-08-11T16:02:59.770224000Z",52780,"inmateoo","","32944300",9636677,"https://www.twitch.tv/inmateoo"
"702612","Stream;User","2013-05-24T10:35:25.798136000Z",318445,"c_a_k_e","","43899589",77126165,"https://www.twitch.tv/c_a_k_e"
"1068334","Stream;User","2012-12-02T15:29:05.021973000Z",217507,"drainys","Обычный чел. Играю в игрули и болтаю со зрителями. Приятного просмотра!","38158532",23335547,"https://www.twitch.tv/drainys"
"1441816","Stream;User","2012-06-06T11:36:10.937055000Z",664284,"dreadztv","В прошлом профессиональный игрок в Dota, Dota 2. Играл за такие команды как DTS, M5, Darer, Virtus.Pro, RoX.KIS, HR. В данный момент безработный.","31089858",186308314,"https://www.twitch.tv/dreadztv"
"1483859","Stream;User","2013-04-10T19:39:38.458694000Z",378416,"just_ns","Стример Доты, но не только лишь Доты","42316376",37868738,"https://www.twitch.tv/just_ns"
"2941323","Stream;User","2019-09-20T22:31:36.786074000Z",33870,"mjod","","463406124",715975,"https://www.twitch.tv/mjod"
"4882810","Stream;User","2018-03-03T09:53:37.934632000Z",65082,"drak0ola","ابث يوم ايه يوم لا احاول اسعدك , نلعب العاب كثيره نسولف نضحك مع بعض انا بدونكم ولا شي احبكم كلكم وعدنا قمة التويتش .","201428467",921376,"https://www.twitch.tv/drak0ola"
"4882818","Stream;User","2019-09-05T23:12:26.397142000Z",258405,"iinwafqht","","460209842",4005520,"https://www.twitch.tv/iinwafqht"
"5981603","Stream;User","2018-06-10T16:24:38.376481000Z",78579,"abuswe7l","","230301324",1366313,"https://www.twitch.tv/abuswe7l"
"7180226","Stream;User","2018-07-20T16:52:38.957658000Z",90076,"osamah","السلام عليكم انا اسامه + انا مو مثالي وشكرا","240460348",1836759,"https://www.twitch.tv/osamah"
"7921000","Stream;User","2018-04-09T06:21:10.846922000Z",13272,"vjon"," ","212925121",130746,"https://www.twitch.tv/vjon"
"9358280","Stream;User","2018-12-27T20:15:51.946977000Z",49523,"power_jaser","POWER eSports مؤسس","404750409",216703,"https://www.twitch.tv/power_jaser"
"9358281","Stream;User","2019-01-31T18:30:27.071389000Z",11223,"r8do","مدري","413533510",134684,"https://www.twitch.tv/r8do"